{"cameraMode":{"drawMode":0,"name":"Shaded","section":"Shading Mode"},"sceneLighting":false,"audioPlay":false,"sceneViewState":{"showFog":false,"showMaterialUpdate":false,"showSkybox":false,"showFlares":false,"showImageEffects":false,"showParticleSystems":true},"in2DMode":false,"pivot":{"x":-5.098245143890381,"y":4.3736348152160648,"z":1.2526146173477173},"rotation":{"x":-0.21020403504371644,"y":0.01524810679256916,"z":-0.003278915071859956,"w":-0.9775336980819702},"size":18.74583625793457,"orthographic":false}