{"cameraMode":{"drawMode":0,"name":"Shaded","section":"Shading Mode"},"sceneLighting":false,"audioPlay":false,"sceneViewState":{"showFog":false,"showMaterialUpdate":false,"showSkybox":false,"showFlares":false,"showImageEffects":false,"showParticleSystems":true},"in2DMode":false,"pivot":{"x":394.4039306640625,"y":-0.8463599681854248,"z":14.266610145568848},"rotation":{"x":-0.3126603364944458,"y":-0.2335347980260849,"z":0.07960327714681626,"w":-0.9172666668891907},"size":41.45982360839844,"orthographic":false}