{"cameraMode":{"drawMode":0,"name":"Shaded","section":"Shading Mode"},"sceneLighting":false,"audioPlay":false,"sceneViewState":{"showFog":false,"showMaterialUpdate":false,"showSkybox":false,"showFlares":false,"showImageEffects":false,"showParticleSystems":true},"in2DMode":false,"pivot":{"x":334.1610412597656,"y":1.894993543624878,"z":4.529912948608398},"rotation":{"x":-0.6541879773139954,"y":-0.003180689876899123,"z":0.0027466302271932365,"w":-0.7563303112983704},"size":81.65165710449219,"orthographic":false}