{"cameraMode":{"drawMode":0,"name":"Shaded","section":"Shading Mode"},"sceneLighting":false,"audioPlay":false,"sceneViewState":{"showFog":false,"showMaterialUpdate":false,"showSkybox":false,"showFlares":false,"showImageEffects":false,"showParticleSystems":true},"in2DMode":false,"pivot":{"x":195.50270080566407,"y":0.47853660583496096,"z":4.571436882019043},"rotation":{"x":-0.5884291529655457,"y":0.00023858399072196335,"z":-0.00017784004739951342,"w":-0.8085577487945557},"size":40.897464752197269,"orthographic":false}